<application>
  <component name="MaterialThemeConfig">
    <option name="isWizardShown" value="true" />
    <option name="treeFontSizeEnabled" value="true" />
    <option name="tabFontSizeEnabled" value="true" />
    <option name="indicatorStyle" value="None" />
    <option name="accentColor" value="ff9800" />
    <option name="selectedTheme" value="DARKER" />
    <option name="userId" value="-29aebda7:18eb42652a3:-8000" />
    <option name="version" value="8.12.6" />
    <option name="tabHighlightPosition" value="Bottom" />
  </component>
</application>